Metric,Value
MAE,96.73656845092773
RMSE,124.62637028286
R2 Score,0.9777504202793027
Accuracy Rate (%),97.42607443502054
