Metric,Value
MAE,147.83462524414062
RMSE,187.56578510472423
R2 Score,0.9496024809800498
Accuracy Rate (%),96.06647902237633
