Metric,Value
MAE,88.76747894287107
RMSE,117.37940887509511
R² Score,0.980262790312755
Accuracy (%),97.63811258711605
