Disease,Predicted_Count
Allergy,5146.084350407124
Fever,4043.6723174452777
Cold,3893.131945252418
Skin Rash,3864.2235846519466
Cough,3814.042437970638
Dengue,3712.1020420193668
Headache,3632.8594489693637
Eye Infection,3632.1587517857547
Malaria,2638.471782453358
Diarrhea,2275.2157441601157
