Metric,Value
MAE,131.96746826171875
RMSE,190.51156163754231
R² Score,0.948007034010044
Accuracy (%),96.4886656024318
